H1,H2,H3,Syntax,Description,Doc,Method,Endpoint
Account Management,Account,Deletecollection,pvw account deleteCollection --collectionName=<val>,Delete account.,https://docs.microsoft.com/en-us/rest/api/purview/accounts/deletecollection,DELETE,https://{accountName}.purview.azure.com/account/api/deleteCollection
Account Management,Account,Deleteresourcesetrule,pvw account deleteResourceSetRule,Delete account.,https://docs.microsoft.com/en-us/rest/api/purview/accounts/deleteresourcesetrule,DELETE,https://{accountName}.purview.azure.com/account/api/deleteResourceSetRule
Account Management,Account,Getaccesskeys,pvw account getAccessKeys,Get account.,https://docs.microsoft.com/en-us/rest/api/purview/accounts/getaccesskeys,GET,https://{accountName}.purview.azure.com/account/api/getAccessKeys
Account Management,Account,Getaccount,pvw account getAccount,Get account.,https://docs.microsoft.com/en-us/rest/api/purview/accounts/getaccount,GET,https://{accountName}.purview.azure.com/account/api/getAccount
Account Management,Account,Getchildcollectionnames,pvw account getChildCollectionNames --collectionName=<val>,Get account.,https://docs.microsoft.com/en-us/rest/api/purview/accounts/getchildcollectionnames,GET,https://{accountName}.purview.azure.com/account/api/getChildCollectionNames
Account Management,Account,Getcollection,pvw account getCollection --collectionName=<val>,Get account.,https://docs.microsoft.com/en-us/rest/api/purview/accounts/getcollection,GET,https://{accountName}.purview.azure.com/account/api/getCollection
Account Management,Account,Getcollectionpath,pvw account getCollectionPath --collectionName=<val>,Get account.,https://docs.microsoft.com/en-us/rest/api/purview/accounts/getcollectionpath,GET,https://{accountName}.purview.azure.com/account/api/getCollectionPath
Account Management,Account,Getcollections,pvw account getCollections,Get account.,https://docs.microsoft.com/en-us/rest/api/purview/accounts/getcollections,GET,https://{accountName}.purview.azure.com/account/api/getCollections
Account Management,Account,Getresourcesetrule,pvw account getResourceSetRule,Get account.,https://docs.microsoft.com/en-us/rest/api/purview/accounts/getresourcesetrule,GET,https://{accountName}.purview.azure.com/account/api/getResourceSetRule
Account Management,Account,Getresourcesetrules,pvw account getResourceSetRules,Get account.,https://docs.microsoft.com/en-us/rest/api/purview/accounts/getresourcesetrules,GET,https://{accountName}.purview.azure.com/account/api/getResourceSetRules
Account Management,Account,Putcollection,pvw account putCollection --friendlyName=<val> --parentCollection=<val>,Create or update account.,https://docs.microsoft.com/en-us/rest/api/purview/accounts/putcollection,PUT,https://{accountName}.purview.azure.com/account/api/putCollection
Account Management,Account,Putresourcesetrule,pvw account putResourceSetRule --payloadFile=<val>,Create or update account.,https://docs.microsoft.com/en-us/rest/api/purview/accounts/putresourcesetrule,PUT,https://{accountName}.purview.azure.com/account/api/putResourceSetRule
Account Management,Account,Regenerateaccesskeys,pvw account regenerateAccessKeys --keyType=<val>,Regenerate account.,https://docs.microsoft.com/en-us/rest/api/purview/accounts/regenerateaccesskeys,POST,https://{accountName}.purview.azure.com/account/api/regenerateAccessKeys
Account Management,Account,Updateaccount,pvw account updateAccount --friendlyName=<val>,Update an existing account.,https://docs.microsoft.com/en-us/rest/api/purview/accounts/updateaccount,PUT,https://{accountName}.purview.azure.com/account/api/updateAccount
Catalog Data Plane,Entity,Addlabels,pvw entity addLabels --guid=<val> --payloadFile=<val>,Add Labels for entity.,https://docs.microsoft.com/en-us/rest/api/purview/catalogdataplane/entity/addlabels,POST,https://{accountName}.purview.azure.com/catalog/api/atlas/v2/entity/labels
Catalog Data Plane,Entity,Addlabelsbyuniqueattribute,pvw entity addLabelsByUniqueAttribute --typeName=<val> --qualifiedName=<val> --payloadFile=<val>,Add LabelsByUniqueAttribute for entity.,https://docs.microsoft.com/en-us/rest/api/purview/catalogdataplane/entity/addlabelsbyuniqueattribute,POST,https://{accountName}.purview.azure.com/catalog/api/atlas/v2/entity/uniqueAttribute
Catalog Data Plane,Entity,Addorupdatebusinessattribute,pvw entity addOrUpdateBusinessAttribute --guid=<val> --bmName=<val> --payloadFile=<val>,Add OrUpdateBusinessAttribute for entity.,https://docs.microsoft.com/en-us/rest/api/purview/catalogdataplane/entity/addorupdatebusinessattribute,POST,https://{accountName}.purview.azure.com/catalog/api/atlas/v2/entity/addOrUpdateBusinessAttribute
Catalog Data Plane,Entity,Addorupdatebusinessmetadata,pvw entity addOrUpdateBusinessMetadata --guid=<val> --payloadFile=<val> [--isOverwrite],Add OrUpdateBusinessMetadata for entity.,https://docs.microsoft.com/en-us/rest/api/purview/catalogdataplane/entity/addorupdatebusinessmetadata,POST,https://{accountName}.purview.azure.com/catalog/api/atlas/v2/entity/businessmetadata
Catalog Data Plane,Entity,Changecollection,pvw entity changeCollection --collection=<val> --payloadFile=<val>,Perform operation on entity.,https://docs.microsoft.com/en-us/rest/api/purview/catalogdataplane/entity/changecollection,GET,https://{accountName}.purview.azure.com/catalog/api/atlas/v2/entity/changeCollection
Catalog Data Plane,Entity,Create,pvw entity create --payloadFile=<val>,Create a new entity.,https://docs.microsoft.com/en-us/rest/api/purview/catalogdataplane/entity/create,POST,https://{accountName}.purview.azure.com/catalog/api/atlas/v2/entity/create
Catalog Data Plane,Entity,Createbulk,pvw entity createBulk --payloadFile=<val>,Create a new entity.,https://docs.microsoft.com/en-us/rest/api/purview/catalogdataplane/entity/createbulk,POST,https://{accountName}.purview.azure.com/catalog/api/atlas/v2/entity/bulk
Catalog Data Plane,Entity,Createbulkclassification,pvw entity createBulkClassification --payloadFile=<val>,Create a new entity.,https://docs.microsoft.com/en-us/rest/api/purview/catalogdataplane/entity/createbulkclassification,POST,https://{accountName}.purview.azure.com/catalog/api/atlas/v2/entity/bulk
Catalog Data Plane,Entity,Createbulksetclassifications,pvw entity createBulkSetClassifications --payloadFile=<val>,Create a new entity.,https://docs.microsoft.com/en-us/rest/api/purview/catalogdataplane/entity/createbulksetclassifications,POST,https://{accountName}.purview.azure.com/catalog/api/atlas/v2/entity/bulk
Catalog Data Plane,Entity,Createclassifications,pvw entity createClassifications --guid=<val> --payloadFile=<val>,Create a new entity.,https://docs.microsoft.com/en-us/rest/api/purview/catalogdataplane/entity/createclassifications,POST,https://{accountName}.purview.azure.com/catalog/api/atlas/v2/entity/classification
Catalog Data Plane,Entity,Createorupdatecollection,pvw entity createOrUpdateCollection --collection=<val> --payloadFile=<val>,Create a new entity.,https://docs.microsoft.com/en-us/rest/api/purview/catalogdataplane/entity/createorupdatecollection,POST,https://{accountName}.purview.azure.com/catalog/api/atlas/v2/entity/createOrUpdateCollection
Catalog Data Plane,Entity,Createorupdatecollectionbulk,pvw entity createOrUpdateCollectionBulk --collection=<val> --payloadFile=<val>,Create a new entity.,https://docs.microsoft.com/en-us/rest/api/purview/catalogdataplane/entity/createorupdatecollectionbulk,POST,https://{accountName}.purview.azure.com/catalog/api/atlas/v2/entity/bulk
Catalog Data Plane,Entity,Createuniqueattributeclassifications,pvw entity createUniqueAttributeClassifications --typeName=<val> --qualifiedName=<val> --payloadFile=<val>,Create a new entity.,https://docs.microsoft.com/en-us/rest/api/purview/catalogdataplane/entity/createuniqueattributeclassifications,POST,https://{accountName}.purview.azure.com/catalog/api/atlas/v2/entity/uniqueAttribute
Catalog Data Plane,Entity,Delete,pvw entity delete --guid=<val>,Delete entity.,https://docs.microsoft.com/en-us/rest/api/purview/catalogdataplane/entity/delete,DELETE,https://{accountName}.purview.azure.com/catalog/api/atlas/v2/entity/delete
Catalog Data Plane,Entity,Deletebulk,pvw entity deleteBulk --guid=<val>...,Delete entity.,https://docs.microsoft.com/en-us/rest/api/purview/catalogdataplane/entity/deletebulk,DELETE,https://{accountName}.purview.azure.com/catalog/api/atlas/v2/entity/bulk
Catalog Data Plane,Entity,Deletebusinessattribute,pvw entity deleteBusinessAttribute --guid=<val> --bmName=<val> --payloadFile=<val>,Delete entity.,https://docs.microsoft.com/en-us/rest/api/purview/catalogdataplane/entity/deletebusinessattribute,DELETE,https://{accountName}.purview.azure.com/catalog/api/atlas/v2/entity/deleteBusinessAttribute
Catalog Data Plane,Entity,Deletebusinessmetadata,pvw entity deleteBusinessMetadata --guid=<val> --payloadFile=<val>,Delete entity.,https://docs.microsoft.com/en-us/rest/api/purview/catalogdataplane/entity/deletebusinessmetadata,DELETE,https://{accountName}.purview.azure.com/catalog/api/atlas/v2/entity/businessmetadata
Catalog Data Plane,Entity,Deleteclassification,pvw entity deleteClassification --guid=<val> --classificationName=<val>,Delete entity.,https://docs.microsoft.com/en-us/rest/api/purview/catalogdataplane/entity/deleteclassification,DELETE,https://{accountName}.purview.azure.com/catalog/api/atlas/v2/entity/classification
Catalog Data Plane,Entity,Deletelabels,pvw entity deleteLabels --guid=<val> --payloadFile=<val>,Delete entity.,https://docs.microsoft.com/en-us/rest/api/purview/catalogdataplane/entity/deletelabels,DELETE,https://{accountName}.purview.azure.com/catalog/api/atlas/v2/entity/labels
Catalog Data Plane,Entity,Deletelabelsbyuniqueattribute,pvw entity deleteLabelsByUniqueAttribute --typeName=<val> --qualifiedName=<val> --payloadFile=<val>,Delete entity.,https://docs.microsoft.com/en-us/rest/api/purview/catalogdataplane/entity/deletelabelsbyuniqueattribute,DELETE,https://{accountName}.purview.azure.com/catalog/api/atlas/v2/entity/uniqueAttribute
Catalog Data Plane,Entity,Deleteuniqueattribute,pvw entity deleteUniqueAttribute --typeName=<val> --qualifiedName=<val>,Delete entity.,https://docs.microsoft.com/en-us/rest/api/purview/catalogdataplane/entity/deleteuniqueattribute,DELETE,https://{accountName}.purview.azure.com/catalog/api/atlas/v2/entity/uniqueAttribute
Catalog Data Plane,Entity,Deleteuniqueattributeclassification,pvw entity deleteUniqueAttributeClassification --typeName=<val> --qualifiedName=<val> --classificationName=<val>,Delete entity.,https://docs.microsoft.com/en-us/rest/api/purview/catalogdataplane/entity/deleteuniqueattributeclassification,DELETE,https://{accountName}.purview.azure.com/catalog/api/atlas/v2/entity/uniqueAttribute
Catalog Data Plane,Entity,Getbusinessmetadatatemplate,pvw entity getBusinessMetadataTemplate,Get entity.,https://docs.microsoft.com/en-us/rest/api/purview/catalogdataplane/entity/getbusinessmetadatatemplate,GET,https://{accountName}.purview.azure.com/catalog/api/atlas/v2/entity/businessmetadata
Catalog Data Plane,Entity,Importbusinessmetadata,pvw entity importBusinessMetadata --bmFile=<val>,Import entity.,https://docs.microsoft.com/en-us/rest/api/purview/catalogdataplane/entity/importbusinessmetadata,POST,https://{accountName}.purview.azure.com/catalog/api/atlas/v2/entity/businessmetadata
Catalog Data Plane,Entity,Put,pvw entity put --guid=<val> --attrName=<val> --attrValue=<val>,Create or update entity.,https://docs.microsoft.com/en-us/rest/api/purview/catalogdataplane/entity/put,PUT,https://{accountName}.purview.azure.com/catalog/api/atlas/v2/entity/put
Catalog Data Plane,Entity,Putclassifications,pvw entity putClassifications --guid=<val> --payloadFile=<val>,Create or update entity.,https://docs.microsoft.com/en-us/rest/api/purview/catalogdataplane/entity/putclassifications,PUT,https://{accountName}.purview.azure.com/catalog/api/atlas/v2/entity/classification
Catalog Data Plane,Entity,Putuniqueattribute,pvw entity putUniqueAttribute --typeName=<val> --qualifiedName=<val> --payloadFile=<val>,Create or update entity.,https://docs.microsoft.com/en-us/rest/api/purview/catalogdataplane/entity/putuniqueattribute,PUT,https://{accountName}.purview.azure.com/catalog/api/atlas/v2/entity/uniqueAttribute
Catalog Data Plane,Entity,Putuniqueattributeclassifications,pvw entity putUniqueAttributeClassifications --typeName=<val> --qualifiedName=<val> --payloadFile=<val>,Create or update entity.,https://docs.microsoft.com/en-us/rest/api/purview/catalogdataplane/entity/putuniqueattributeclassifications,PUT,https://{accountName}.purview.azure.com/catalog/api/atlas/v2/entity/uniqueAttribute
Catalog Data Plane,Entity,Read,pvw entity read --guid=<val> [--ignoreRelationships --minExtInfo],Retrieve entity.,https://docs.microsoft.com/en-us/rest/api/purview/catalogdataplane/entity/read,GET,https://{accountName}.purview.azure.com/catalog/api/atlas/v2/entity/read
Catalog Data Plane,Entity,Readbulk,pvw entity readBulk --guid=<val>... [--ignoreRelationships --minExtInfo],Retrieve entity.,https://docs.microsoft.com/en-us/rest/api/purview/catalogdataplane/entity/readbulk,GET,https://{accountName}.purview.azure.com/catalog/api/atlas/v2/entity/bulk
Catalog Data Plane,Entity,Readbulkuniqueattribute,pvw entity readBulkUniqueAttribute --typeName=<val> --qualifiedName=<val>... [--ignoreRelationships --minExtInfo],Retrieve entity.,https://docs.microsoft.com/en-us/rest/api/purview/catalogdataplane/entity/readbulkuniqueattribute,GET,https://{accountName}.purview.azure.com/catalog/api/atlas/v2/entity/bulk
Catalog Data Plane,Entity,Readclassification,pvw entity readClassification --guid=<val> --classificationName=<val>,Retrieve entity.,https://docs.microsoft.com/en-us/rest/api/purview/catalogdataplane/entity/readclassification,GET,https://{accountName}.purview.azure.com/catalog/api/atlas/v2/entity/classification
Catalog Data Plane,Entity,Readclassifications,pvw entity readClassifications --guid=<val>,Retrieve entity.,https://docs.microsoft.com/en-us/rest/api/purview/catalogdataplane/entity/readclassifications,GET,https://{accountName}.purview.azure.com/catalog/api/atlas/v2/entity/classification
Catalog Data Plane,Entity,Readheader,pvw entity readHeader --guid=<val>,Retrieve entity.,https://docs.microsoft.com/en-us/rest/api/purview/catalogdataplane/entity/readheader,GET,https://{accountName}.purview.azure.com/catalog/api/atlas/v2/entity/readHeader
Catalog Data Plane,Entity,Readuniqueattribute,pvw entity readUniqueAttribute --typeName=<val> --qualifiedName=<val> [--ignoreRelationships --minExtInfo],Retrieve entity.,https://docs.microsoft.com/en-us/rest/api/purview/catalogdataplane/entity/readuniqueattribute,GET,https://{accountName}.purview.azure.com/catalog/api/atlas/v2/entity/uniqueAttribute
Catalog Data Plane,Entity,Setlabels,pvw entity setLabels --guid=<val> --payloadFile=<val>,Set Labels for entity.,https://docs.microsoft.com/en-us/rest/api/purview/catalogdataplane/entity/setlabels,POST,https://{accountName}.purview.azure.com/catalog/api/atlas/v2/entity/labels
Catalog Data Plane,Entity,Setlabelsbyuniqueattribute,pvw entity setLabelsByUniqueAttribute --typeName=<val> --qualifiedName=<val> --payloadFile=<val>,Set LabelsByUniqueAttribute for entity.,https://docs.microsoft.com/en-us/rest/api/purview/catalogdataplane/entity/setlabelsbyuniqueattribute,POST,https://{accountName}.purview.azure.com/catalog/api/atlas/v2/entity/uniqueAttribute
Catalog Data Plane,Glossary,Create,pvw glossary create --payloadFile=<val>,Create a new glossary term or category.,https://docs.microsoft.com/en-us/rest/api/purview/catalogdataplane/glossary/create,POST,https://{accountName}.purview.azure.com/catalog/api/atlas/v2/glossary/create
Catalog Data Plane,Glossary,Createcategories,pvw glossary createCategories --payloadFile=<val>,Create a new glossary term or category.,https://docs.microsoft.com/en-us/rest/api/purview/catalogdataplane/glossary/createcategories,POST,https://{accountName}.purview.azure.com/catalog/api/atlas/v2/glossary/createCategories
Catalog Data Plane,Glossary,Createcategory,pvw glossary createCategory --payloadFile=<val>,Create a new glossary term or category.,https://docs.microsoft.com/en-us/rest/api/purview/catalogdataplane/glossary/createcategory,POST,https://{accountName}.purview.azure.com/catalog/api/atlas/v2/glossary/createCategory
Catalog Data Plane,Glossary,Createterm,pvw glossary createTerm --payloadFile=<val> [--includeTermHierarchy],Create a new glossary term or category.,https://docs.microsoft.com/en-us/rest/api/purview/catalogdataplane/glossary/createterm,POST,https://{accountName}.purview.azure.com/catalog/api/atlas/v2/glossary/createTerm
Catalog Data Plane,Glossary,Createterms,pvw glossary createTerms --payloadFile=<val> [--includeTermHierarchy],Create a new glossary term or category.,https://docs.microsoft.com/en-us/rest/api/purview/catalogdataplane/glossary/createterms,POST,https://{accountName}.purview.azure.com/catalog/api/atlas/v2/glossary/createTerms
Catalog Data Plane,Glossary,Createtermsassignedentities,pvw glossary createTermsAssignedEntities --termGuid=<val> --payloadFile=<val>,Create a new glossary term or category.,https://docs.microsoft.com/en-us/rest/api/purview/catalogdataplane/glossary/createtermsassignedentities,POST,https://{accountName}.purview.azure.com/catalog/api/atlas/v2/glossary/createTermsAssignedEntities
Catalog Data Plane,Glossary,Createtermsexport,pvw glossary createTermsExport --glossaryGuid=<val> --termGuid=<val>... [--includeTermHierarchy],Create a new glossary term or category.,https://docs.microsoft.com/en-us/rest/api/purview/catalogdataplane/glossary/createtermsexport,POST,https://{accountName}.purview.azure.com/catalog/api/atlas/v2/glossary/createTermsExport
Catalog Data Plane,Glossary,Createtermsimport,pvw glossary createTermsImport --glossaryFile=<val> [--glossaryGuid=<val> --includeTermHierarchy],Create a new glossary term or category.,https://docs.microsoft.com/en-us/rest/api/purview/catalogdataplane/glossary/createtermsimport,POST,https://{accountName}.purview.azure.com/catalog/api/atlas/v2/glossary/createTermsImport
Catalog Data Plane,Glossary,Delete,pvw glossary delete --glossaryGuid=<val>,Delete glossary term or category.,https://docs.microsoft.com/en-us/rest/api/purview/catalogdataplane/glossary/delete,DELETE,https://{accountName}.purview.azure.com/catalog/api/atlas/v2/glossary/delete
Catalog Data Plane,Glossary,Deletecategory,pvw glossary deleteCategory --categoryGuid=<val>,Delete glossary term or category.,https://docs.microsoft.com/en-us/rest/api/purview/catalogdataplane/glossary/deletecategory,DELETE,https://{accountName}.purview.azure.com/catalog/api/atlas/v2/glossary/deleteCategory
Catalog Data Plane,Glossary,Deleteterm,pvw glossary deleteTerm --termGuid=<val>,Delete glossary term or category.,https://docs.microsoft.com/en-us/rest/api/purview/catalogdataplane/glossary/deleteterm,DELETE,https://{accountName}.purview.azure.com/catalog/api/atlas/v2/glossary/deleteTerm
Catalog Data Plane,Glossary,Deletetermsassignedentities,pvw glossary deleteTermsAssignedEntities --termGuid=<val> --payloadFile=<val>,Delete glossary term or category.,https://docs.microsoft.com/en-us/rest/api/purview/catalogdataplane/glossary/deletetermsassignedentities,DELETE,https://{accountName}.purview.azure.com/catalog/api/atlas/v2/glossary/deleteTermsAssignedEntities
Catalog Data Plane,Glossary,Put,pvw glossary put --glossaryGuid=<val> --payloadFile=<val>,Create or update glossary term or category.,https://docs.microsoft.com/en-us/rest/api/purview/catalogdataplane/glossary/put,PUT,https://{accountName}.purview.azure.com/catalog/api/atlas/v2/glossary/put
Catalog Data Plane,Glossary,Putcategory,pvw glossary putCategory --categoryGuid=<val> --payloadFile=<val>,Create or update glossary term or category.,https://docs.microsoft.com/en-us/rest/api/purview/catalogdataplane/glossary/putcategory,PUT,https://{accountName}.purview.azure.com/catalog/api/atlas/v2/glossary/putCategory
Catalog Data Plane,Glossary,Putcategorypartial,pvw glossary putCategoryPartial --categoryGuid=<val> --payloadFile=<val>,Create or update glossary term or category.,https://docs.microsoft.com/en-us/rest/api/purview/catalogdataplane/glossary/putcategorypartial,PUT,https://{accountName}.purview.azure.com/catalog/api/atlas/v2/glossary/putCategoryPartial
Catalog Data Plane,Glossary,Putpartial,pvw glossary putPartial --glossaryGuid=<val> --payloadFile=<val> [--includeTermHierarchy],Create or update glossary term or category.,https://docs.microsoft.com/en-us/rest/api/purview/catalogdataplane/glossary/putpartial,PUT,https://{accountName}.purview.azure.com/catalog/api/atlas/v2/glossary/putPartial
Catalog Data Plane,Glossary,Putterm,pvw glossary putTerm --termGuid=<val> --payloadFile=<val> [--includeTermHierarchy],Create or update glossary term or category.,https://docs.microsoft.com/en-us/rest/api/purview/catalogdataplane/glossary/putterm,PUT,https://{accountName}.purview.azure.com/catalog/api/atlas/v2/glossary/putTerm
Catalog Data Plane,Glossary,Puttermpartial,pvw glossary putTermPartial --termGuid=<val> --payloadFile=<val> [--includeTermHierarchy],Create or update glossary term or category.,https://docs.microsoft.com/en-us/rest/api/purview/catalogdataplane/glossary/puttermpartial,PUT,https://{accountName}.purview.azure.com/catalog/api/atlas/v2/glossary/putTermPartial
Catalog Data Plane,Glossary,Puttermsassignedentities,pvw glossary putTermsAssignedEntities --termGuid=<val> --payloadFile=<val>,Create or update glossary term or category.,https://docs.microsoft.com/en-us/rest/api/purview/catalogdataplane/glossary/puttermsassignedentities,PUT,https://{accountName}.purview.azure.com/catalog/api/atlas/v2/glossary/putTermsAssignedEntities
Catalog Data Plane,Glossary,Read,pvw glossary read [--glossaryGuid=<val> --limit=<val> --offset=<val> --sort=<val> --ignoreTermsAndCategories],Retrieve glossary term or category.,https://docs.microsoft.com/en-us/rest/api/purview/catalogdataplane/glossary/read,GET,https://{accountName}.purview.azure.com/catalog/api/atlas/v2/glossary/read
Catalog Data Plane,Glossary,Readcategories,pvw glossary readCategories --glossaryGuid=<val> [--limit=<val> --offset=<val> --sort=<val>],Retrieve glossary term or category.,https://docs.microsoft.com/en-us/rest/api/purview/catalogdataplane/glossary/readcategories,GET,https://{accountName}.purview.azure.com/catalog/api/atlas/v2/glossary/readCategories
Catalog Data Plane,Glossary,Readcategoriesheaders,pvw glossary readCategoriesHeaders --glossaryGuid=<val> [--limit=<val> --offset=<val> --sort=<val>],Retrieve glossary term or category.,https://docs.microsoft.com/en-us/rest/api/purview/catalogdataplane/glossary/readcategoriesheaders,GET,https://{accountName}.purview.azure.com/catalog/api/atlas/v2/glossary/readCategoriesHeaders
Catalog Data Plane,Glossary,Readcategory,pvw glossary readCategory --categoryGuid=<val> [--limit=<val> --offset=<val> --sort=<val>],Retrieve glossary term or category.,https://docs.microsoft.com/en-us/rest/api/purview/catalogdataplane/glossary/readcategory,GET,https://{accountName}.purview.azure.com/catalog/api/atlas/v2/glossary/readCategory
Catalog Data Plane,Glossary,Readcategoryrelated,pvw glossary readCategoryRelated --categoryGuid=<val>,Retrieve glossary term or category.,https://docs.microsoft.com/en-us/rest/api/purview/catalogdataplane/glossary/readcategoryrelated,GET,https://{accountName}.purview.azure.com/catalog/api/atlas/v2/glossary/readCategoryRelated
Catalog Data Plane,Glossary,Readcategoryterms,pvw glossary readCategoryTerms --categoryGuid=<val> [--limit=<val> --offset=<val> --sort=<val>],Retrieve glossary term or category.,https://docs.microsoft.com/en-us/rest/api/purview/catalogdataplane/glossary/readcategoryterms,GET,https://{accountName}.purview.azure.com/catalog/api/atlas/v2/glossary/readCategoryTerms
Catalog Data Plane,Glossary,Readdetailed,pvw glossary readDetailed --glossaryGuid=<val> [--includeTermHierarchy],Retrieve glossary term or category.,https://docs.microsoft.com/en-us/rest/api/purview/catalogdataplane/glossary/readdetailed,GET,https://{accountName}.purview.azure.com/catalog/api/atlas/v2/glossary/readDetailed
Catalog Data Plane,Glossary,Readterm,pvw glossary readTerm --termGuid=<val> [--includeTermHierarchy],Retrieve glossary term or category.,https://docs.microsoft.com/en-us/rest/api/purview/catalogdataplane/glossary/readterm,GET,https://{accountName}.purview.azure.com/catalog/api/atlas/v2/glossary/readTerm
Catalog Data Plane,Glossary,Readterms,pvw glossary readTerms [--glossaryGuid=<val> --limit=<val> --offset=<val> --sort=<val> --extInfo --includeTermHierarchy],Retrieve glossary term or category.,https://docs.microsoft.com/en-us/rest/api/purview/catalogdataplane/glossary/readterms,GET,https://{accountName}.purview.azure.com/catalog/api/atlas/v2/glossary/readTerms
Catalog Data Plane,Glossary,Readtermsassignedentities,pvw glossary readTermsAssignedEntities --termGuid=<val> [--limit=<val> --offset=<val> --sort=<val>],Retrieve glossary term or category.,https://docs.microsoft.com/en-us/rest/api/purview/catalogdataplane/glossary/readtermsassignedentities,GET,https://{accountName}.purview.azure.com/catalog/api/atlas/v2/glossary/readTermsAssignedEntities
Catalog Data Plane,Glossary,Readtermsheaders,pvw glossary readTermsHeaders --glossaryGuid=<val> [--limit=<val> --offset=<val> --sort=<val>],Retrieve glossary term or category.,https://docs.microsoft.com/en-us/rest/api/purview/catalogdataplane/glossary/readtermsheaders,GET,https://{accountName}.purview.azure.com/catalog/api/atlas/v2/glossary/readTermsHeaders
Catalog Data Plane,Glossary,Readtermsimport,pvw glossary readTermsImport --operationGuid=<val>,Retrieve glossary term or category.,https://docs.microsoft.com/en-us/rest/api/purview/catalogdataplane/glossary/readtermsimport,GET,https://{accountName}.purview.azure.com/catalog/api/atlas/v2/glossary/readTermsImport
Catalog Data Plane,Glossary,Readtermsrelated,pvw glossary readTermsRelated --termGuid=<val> [--limit=<val> --offset=<val> --sort=<val>],Retrieve glossary term or category.,https://docs.microsoft.com/en-us/rest/api/purview/catalogdataplane/glossary/readtermsrelated,GET,https://{accountName}.purview.azure.com/catalog/api/atlas/v2/glossary/readTermsRelated
Analytics Data Plane,Insight,Assetdistribution,pvw insight assetDistribution,Perform operation on analytics insights.,https://docs.microsoft.com/en-us/rest/api/purview/catalogdataplane/browse/assetdistribution,POST,https://{accountName}.purview.azure.com/catalog/api/browse/assetDistribution
Analytics Data Plane,Insight,Filesaggregation,pvw insight filesAggregation,Perform operation on analytics insights.,https://docs.microsoft.com/en-us/rest/api/purview/catalogdataplane/browse/filesaggregation,GET,https://{accountName}.purview.azure.com/catalog/api/browse/filesAggregation
Analytics Data Plane,Insight,Fileswithoutresourceset,pvw insight filesWithoutResourceSet,Perform operation on analytics insights.,https://docs.microsoft.com/en-us/rest/api/purview/catalogdataplane/browse/fileswithoutresourceset,POST,https://{accountName}.purview.azure.com/catalog/api/browse/filesWithoutResourceSet
Analytics Data Plane,Insight,Scanstatussummary,pvw insight scanStatusSummary [--numberOfDays=<val>],Perform operation on analytics insights.,https://docs.microsoft.com/en-us/rest/api/purview/catalogdataplane/browse/scanstatussummary,GET,https://{accountName}.purview.azure.com/catalog/api/browse/scanStatusSummary
Analytics Data Plane,Insight,Scanstatussummarybyts,pvw insight scanStatusSummaryByTs [--numberOfDays=<val>],Perform operation on analytics insights.,https://docs.microsoft.com/en-us/rest/api/purview/catalogdataplane/browse/scanstatussummarybyts,GET,https://{accountName}.purview.azure.com/catalog/api/browse/scanStatusSummaryByTs
Analytics Data Plane,Insight,Tags,pvw insight tags,Perform operation on analytics insights.,https://docs.microsoft.com/en-us/rest/api/purview/catalogdataplane/browse/tags,POST,https://{accountName}.purview.azure.com/catalog/api/browse/tags
Analytics Data Plane,Insight,Tagstimeseries,pvw insight tagsTimeSeries,Perform operation on analytics insights.,https://docs.microsoft.com/en-us/rest/api/purview/catalogdataplane/browse/tagstimeseries,POST,https://{accountName}.purview.azure.com/catalog/api/browse/tagsTimeSeries
Discovery Data Plane,Lineage,Analyze,pvw lineage analyze --entity-guid=<val> [--direction=<val> --depth=<val> --output-file=<val>],Perform operation on lineage.,https://docs.microsoft.com/en-us/rest/api/purview/catalogdataplane/lineage/analyze,GET,https://{accountName}.purview.azure.com/catalog/api/atlas/v2/lineage/analyze
Discovery Data Plane,Lineage,Csv,pvw lineage csv process <csv_file> [--batch-size=<val> --validate-entities --create-missing-entities --progress],Perform operation on lineage.,https://docs.microsoft.com/en-us/rest/api/purview/catalogdataplane/lineage/csv,GET,https://{accountName}.purview.azure.com/catalog/api/atlas/v2/lineage/csv
Discovery Data Plane,Lineage,Csv,pvw lineage csv generate-sample <output_file> [--num-samples=<val> --template=<val>],Perform operation on lineage.,https://docs.microsoft.com/en-us/rest/api/purview/catalogdataplane/lineage/csv,GET,https://{accountName}.purview.azure.com/catalog/api/atlas/v2/lineage/csv
Discovery Data Plane,Lineage,Csv,pvw lineage csv validate <csv_file>,Perform operation on lineage.,https://docs.microsoft.com/en-us/rest/api/purview/catalogdataplane/lineage/csv,GET,https://{accountName}.purview.azure.com/catalog/api/atlas/v2/lineage/csv
Discovery Data Plane,Lineage,Csv,pvw lineage csv templates,Perform operation on lineage.,https://docs.microsoft.com/en-us/rest/api/purview/catalogdataplane/lineage/csv,GET,https://{accountName}.purview.azure.com/catalog/api/atlas/v2/lineage/csv
Discovery Data Plane,Lineage,Impact,pvw lineage impact --entity-guid=<val> [--output-file=<val>],Perform operation on lineage.,https://docs.microsoft.com/en-us/rest/api/purview/catalogdataplane/lineage/impact,GET,https://{accountName}.purview.azure.com/catalog/api/atlas/v2/lineage/impact
Discovery Data Plane,Lineage,Read,pvw lineage read --guid=<val> [--depth=<val> --width=<val> --direction=<val> --output=<val>],Retrieve lineage.,https://docs.microsoft.com/en-us/rest/api/purview/catalogdataplane/lineage/read,GET,https://{accountName}.purview.azure.com/catalog/api/atlas/v2/lineage/read
Discovery Data Plane,Lineage,Read-Next,pvw lineage read-next --guid=<val> [--direction=<val> --offset=<val> --limit=<val> --output=<val>],Retrieve lineage.,https://docs.microsoft.com/en-us/rest/api/purview/catalogdataplane/lineage/read-next,GET,https://{accountName}.purview.azure.com/catalog/api/atlas/v2/lineage/read-next
Management Data Plane,Management,Addrootcollectionadmin,pvw management addRootCollectionAdmin --subscriptionId=<val> --resourceGroupName=<val> --accountName=<val> --objectId=<val>,Add RootCollectionAdmin for Purview account.,https://docs.microsoft.com/en-us/rest/api/purview/accounts/addrootcollectionadmin,POST,https://management.azure.com/subscriptions/{subscriptionId}/providers/Microsoft.Purview/addRootCollectionAdmin
Management Data Plane,Management,Checknameavailability,pvw management checkNameAvailability --subscriptionId=<val> --accountName=<val>,Check Purview account.,https://docs.microsoft.com/en-us/rest/api/purview/accounts/checknameavailability,GET,https://management.azure.com/subscriptions/{subscriptionId}/providers/Microsoft.Purview/checkNameAvailability
Management Data Plane,Management,Createaccount,pvw management createAccount --subscriptionId=<val> --resourceGroupName=<val> --accountName=<val> --payloadFile=<val>,Create a new Purview account.,https://docs.microsoft.com/en-us/rest/api/purview/accounts/createaccount,POST,https://management.azure.com/subscriptions/{subscriptionId}/providers/Microsoft.Purview/createAccount
Management Data Plane,Management,Defaultaccount,pvw management defaultAccount --scopeTenantId=<val> --scopeType=<val> --scope=<val>,Perform operation on Purview account.,https://docs.microsoft.com/en-us/rest/api/purview/accounts/defaultaccount,GET,https://management.azure.com/subscriptions/{subscriptionId}/providers/Microsoft.Purview/defaultAccount
Management Data Plane,Management,Deleteaccount,pvw management deleteAccount --subscriptionId=<val> --resourceGroupName=<val> --accountName=<val>,Delete Purview account.,https://docs.microsoft.com/en-us/rest/api/purview/accounts/deleteaccount,DELETE,https://management.azure.com/subscriptions/{subscriptionId}/providers/Microsoft.Purview/deleteAccount
Management Data Plane,Management,Deleteprivateendpoint,pvw management deletePrivateEndpoint --subscriptionId=<val> --resourceGroupName=<val> --accountName=<val> --privateEndpointConnectionName=<val>,Delete Purview account.,https://docs.microsoft.com/en-us/rest/api/purview/accounts/deleteprivateendpoint,DELETE,https://management.azure.com/subscriptions/{subscriptionId}/providers/Microsoft.Purview/deletePrivateEndpoint
Management Data Plane,Management,Listkeys,pvw management listKeys --subscriptionId=<val> --resourceGroupName=<val> --accountName=<val>,List all Purview accounts.,https://docs.microsoft.com/en-us/rest/api/purview/accounts/listkeys,GET,https://management.azure.com/subscriptions/{subscriptionId}/providers/Microsoft.Purview/listKeys
Management Data Plane,Management,Listoperations,pvw management listOperations,List all Purview accounts.,https://docs.microsoft.com/en-us/rest/api/purview/accounts/listoperations,GET,https://management.azure.com/subscriptions/{subscriptionId}/providers/Microsoft.Purview/listOperations
Management Data Plane,Management,Listprivatelinkresources,pvw management listPrivateLinkResources --subscriptionId=<val> --resourceGroupName=<val> --accountName=<val> [--groupId=<val>],List all Purview accounts.,https://docs.microsoft.com/en-us/rest/api/purview/accounts/listprivatelinkresources,GET,https://management.azure.com/subscriptions/{subscriptionId}/providers/Microsoft.Purview/listPrivateLinkResources
Management Data Plane,Management,Putprivateendpoint,pvw management putPrivateEndpoint --subscriptionId=<val> --resourceGroupName=<val> --accountName=<val> --privateEndpointConnectionName=<val> --payloadFile=<val>,Create or update Purview account.,https://docs.microsoft.com/en-us/rest/api/purview/accounts/putprivateendpoint,PUT,https://management.azure.com/subscriptions/{subscriptionId}/providers/Microsoft.Purview/putPrivateEndpoint
Management Data Plane,Management,Readaccount,pvw management readAccount --subscriptionId=<val> --resourceGroupName=<val> --accountName=<val>,Retrieve Purview account.,https://docs.microsoft.com/en-us/rest/api/purview/accounts/readaccount,GET,https://management.azure.com/subscriptions/{subscriptionId}/providers/Microsoft.Purview/readAccount
Management Data Plane,Management,Readaccounts,pvw management readAccounts --subscriptionId=<val> [--resourceGroupName=<val>],Retrieve Purview account.,https://docs.microsoft.com/en-us/rest/api/purview/accounts/readaccounts,GET,https://management.azure.com/subscriptions/{subscriptionId}/providers/Microsoft.Purview/readAccounts
Management Data Plane,Management,Readprivateendpoint,pvw management readPrivateEndpoint --subscriptionId=<val> --resourceGroupName=<val> --accountName=<val> --privateEndpointConnectionName=<val>,Retrieve Purview account.,https://docs.microsoft.com/en-us/rest/api/purview/accounts/readprivateendpoint,GET,https://management.azure.com/subscriptions/{subscriptionId}/providers/Microsoft.Purview/readPrivateEndpoint
Management Data Plane,Management,Readprivateendpoints,pvw management readPrivateEndpoints --subscriptionId=<val> --resourceGroupName=<val> --accountName=<val>,Retrieve Purview account.,https://docs.microsoft.com/en-us/rest/api/purview/accounts/readprivateendpoints,GET,https://management.azure.com/subscriptions/{subscriptionId}/providers/Microsoft.Purview/readPrivateEndpoints
Management Data Plane,Management,Removedefaultaccount,pvw management removeDefaultAccount --scopeTenantId=<val> --scopeType=<val> --scope=<val>,Remove DefaultAccount for Purview account.,https://docs.microsoft.com/en-us/rest/api/purview/accounts/removedefaultaccount,DELETE,https://management.azure.com/subscriptions/{subscriptionId}/providers/Microsoft.Purview/removeDefaultAccount
Management Data Plane,Management,Setdefaultaccount,pvw management setDefaultAccount --subscriptionId=<val> --resourceGroupName=<val> --accountName=<val> --scopeTenantId=<val> --scopeType=<val> --scope=<val>,Set DefaultAccount for Purview account.,https://docs.microsoft.com/en-us/rest/api/purview/accounts/setdefaultaccount,POST,https://management.azure.com/subscriptions/{subscriptionId}/providers/Microsoft.Purview/setDefaultAccount
Management Data Plane,Management,Updateaccount,pvw management updateAccount --subscriptionId=<val> --resourceGroupName=<val> --accountName=<val> --payloadFile=<val>,Update an existing Purview account.,https://docs.microsoft.com/en-us/rest/api/purview/accounts/updateaccount,PUT,https://management.azure.com/subscriptions/{subscriptionId}/providers/Microsoft.Purview/updateAccount
Policy Data Plane,Policystore,Deletedatapolicy,pvw policystore deleteDataPolicy --policyName=<val>,Delete policy.,https://docs.microsoft.com/en-us/rest/api/purview/policystore/deletedatapolicy,DELETE,https://{accountName}.purview.azure.com/policystore/api/deleteDataPolicy
Policy Data Plane,Policystore,Deletedatapolicyscope,pvw policystore deleteDataPolicyScope --policyName=<val> --datasource=<val>,Delete policy.,https://docs.microsoft.com/en-us/rest/api/purview/policystore/deletedatapolicyscope,DELETE,https://{accountName}.purview.azure.com/policystore/api/deleteDataPolicyScope
Policy Data Plane,Policystore,Putdatapolicy,pvw policystore putDataPolicy --policyName=<val> --payloadFile=<val>,Create or update policy.,https://docs.microsoft.com/en-us/rest/api/purview/policystore/putdatapolicy,PUT,https://{accountName}.purview.azure.com/policystore/api/putDataPolicy
Policy Data Plane,Policystore,Putdatapolicyscope,pvw policystore putDataPolicyScope --policyName=<val> --payloadFile=<val>,Create or update policy.,https://docs.microsoft.com/en-us/rest/api/purview/policystore/putdatapolicyscope,PUT,https://{accountName}.purview.azure.com/policystore/api/putDataPolicyScope
Policy Data Plane,Policystore,Putmetadatapolicy,pvw policystore putMetadataPolicy --policyId=<val> --payloadFile=<val>,Create or update policy.,https://docs.microsoft.com/en-us/rest/api/purview/policystore/putmetadatapolicy,PUT,https://{accountName}.purview.azure.com/policystore/api/putMetadataPolicy
Policy Data Plane,Policystore,Readdatapolicies,pvw policystore readDataPolicies [--policyName=<val>],Retrieve policy.,https://docs.microsoft.com/en-us/rest/api/purview/policystore/readdatapolicies,GET,https://{accountName}.purview.azure.com/policystore/api/readDataPolicies
Policy Data Plane,Policystore,Readdatapolicyscopes,pvw policystore readDataPolicyScopes --policyName=<val>,Retrieve policy.,https://docs.microsoft.com/en-us/rest/api/purview/policystore/readdatapolicyscopes,GET,https://{accountName}.purview.azure.com/policystore/api/readDataPolicyScopes
Policy Data Plane,Policystore,Readmetadatapolicies,pvw policystore readMetadataPolicies,Retrieve policy.,https://docs.microsoft.com/en-us/rest/api/purview/policystore/readmetadatapolicies,GET,https://{accountName}.purview.azure.com/policystore/api/readMetadataPolicies
Policy Data Plane,Policystore,Readmetadatapolicy,pvw policystore readMetadataPolicy (--collectionName=<val> | --policyId=<val>),Retrieve policy.,https://docs.microsoft.com/en-us/rest/api/purview/policystore/readmetadatapolicy,GET,https://{accountName}.purview.azure.com/policystore/api/readMetadataPolicy
Policy Data Plane,Policystore,Readmetadataroles,pvw policystore readMetadataRoles,Retrieve policy.,https://docs.microsoft.com/en-us/rest/api/purview/policystore/readmetadataroles,GET,https://{accountName}.purview.azure.com/policystore/api/readMetadataRoles
Catalog Data Plane,Relationship,Create,pvw relationship create --payloadFile=<val>,Create a new relationship.,https://docs.microsoft.com/en-us/rest/api/purview/catalogdataplane/relationship/create,POST,https://{accountName}.purview.azure.com/catalog/api/atlas/v2/relationship/create
Catalog Data Plane,Relationship,Delete,pvw relationship delete --guid=<val>,Delete relationship.,https://docs.microsoft.com/en-us/rest/api/purview/catalogdataplane/relationship/delete,DELETE,https://{accountName}.purview.azure.com/catalog/api/atlas/v2/relationship/delete
Catalog Data Plane,Relationship,Put,pvw relationship put --payloadFile=<val>,Create or update relationship.,https://docs.microsoft.com/en-us/rest/api/purview/catalogdataplane/relationship/put,PUT,https://{accountName}.purview.azure.com/catalog/api/atlas/v2/relationship/put
Catalog Data Plane,Relationship,Read,pvw relationship read --guid=<val> [--extendedInfo],Retrieve relationship.,https://docs.microsoft.com/en-us/rest/api/purview/catalogdataplane/relationship/read,GET,https://{accountName}.purview.azure.com/catalog/api/atlas/v2/relationship/read
Scanning Data Plane,Scan,Cancelscan,pvw scan cancelScan --dataSourceName=<val> --scanName=<val> --runId=<val>,Cancel data source scan.,https://docs.microsoft.com/en-us/rest/api/purview/scanningdataplane/cancelscan,POST,https://{accountName}.purview.azure.com/scan/api/cancelScan
Scanning Data Plane,Scan,Deleteclassificationrule,pvw scan deleteClassificationRule --classificationRuleName=<val>,Delete data source scan.,https://docs.microsoft.com/en-us/rest/api/purview/scanningdataplane/deleteclassificationrule,DELETE,https://{accountName}.purview.azure.com/scan/api/deleteClassificationRule
Scanning Data Plane,Scan,Deletecredential,pvw scan deleteCredential --credentialName=<val>,Delete data source scan.,https://docs.microsoft.com/en-us/rest/api/purview/scanningdataplane/deletecredential,DELETE,https://{accountName}.purview.azure.com/scan/api/deleteCredential
Scanning Data Plane,Scan,Deletedatasource,pvw scan deleteDataSource --dataSourceName=<val>,Delete data source scan.,https://docs.microsoft.com/en-us/rest/api/purview/scanningdataplane/deletedatasource,DELETE,https://{accountName}.purview.azure.com/scan/api/deleteDataSource
Scanning Data Plane,Scan,Deletekeyvault,pvw scan deleteKeyVault --keyVaultName=<val>,Delete data source scan.,https://docs.microsoft.com/en-us/rest/api/purview/scanningdataplane/deletekeyvault,DELETE,https://{accountName}.purview.azure.com/scan/api/deleteKeyVault
Scanning Data Plane,Scan,Deletescan,pvw scan deleteScan --dataSourceName=<val> --scanName=<val>,Delete data source scan.,https://docs.microsoft.com/en-us/rest/api/purview/scanningdataplane/deletescan,DELETE,https://{accountName}.purview.azure.com/scan/api/deleteScan
Scanning Data Plane,Scan,Deletescanruleset,pvw scan deleteScanRuleset --scanRulesetName=<val>,Delete data source scan.,https://docs.microsoft.com/en-us/rest/api/purview/scanningdataplane/deletescanruleset,DELETE,https://{accountName}.purview.azure.com/scan/api/deleteScanRuleset
Scanning Data Plane,Scan,Deletetrigger,pvw scan deleteTrigger --dataSourceName=<val> --scanName=<val>,Delete data source scan.,https://docs.microsoft.com/en-us/rest/api/purview/scanningdataplane/deletetrigger,DELETE,https://{accountName}.purview.azure.com/scan/api/deleteTrigger
Scanning Data Plane,Scan,Putclassificationrule,pvw scan putClassificationRule --classificationRuleName=<val> --payloadFile=<val>,Create or update data source scan.,https://docs.microsoft.com/en-us/rest/api/purview/scanningdataplane/putclassificationrule,PUT,https://{accountName}.purview.azure.com/scan/api/putClassificationRule
Scanning Data Plane,Scan,Putcredential,pvw scan putCredential --credentialName=<val> --payloadFile=<val>,Create or update data source scan.,https://docs.microsoft.com/en-us/rest/api/purview/scanningdataplane/putcredential,PUT,https://{accountName}.purview.azure.com/scan/api/putCredential
Scanning Data Plane,Scan,Putdatasource,pvw scan putDataSource --dataSourceName=<val> --payloadFile=<val>,Create or update data source scan.,https://docs.microsoft.com/en-us/rest/api/purview/scanningdataplane/putdatasource,PUT,https://{accountName}.purview.azure.com/scan/api/putDataSource
Scanning Data Plane,Scan,Putfilter,pvw scan putFilter --dataSourceName=<val> --scanName=<val> --payloadFile=<val>,Create or update data source scan.,https://docs.microsoft.com/en-us/rest/api/purview/scanningdataplane/putfilter,PUT,https://{accountName}.purview.azure.com/scan/api/putFilter
Scanning Data Plane,Scan,Putkeyvault,pvw scan putKeyVault --keyVaultName=<val> --payloadFile=<val>,Create or update data source scan.,https://docs.microsoft.com/en-us/rest/api/purview/scanningdataplane/putkeyvault,PUT,https://{accountName}.purview.azure.com/scan/api/putKeyVault
Scanning Data Plane,Scan,Putscan,pvw scan putScan --dataSourceName=<val> --scanName=<val> --payloadFile=<val>,Create or update data source scan.,https://docs.microsoft.com/en-us/rest/api/purview/scanningdataplane/putscan,PUT,https://{accountName}.purview.azure.com/scan/api/putScan
Scanning Data Plane,Scan,Putscanruleset,pvw scan putScanRuleset --scanRulesetName=<val> --payloadFile=<val>,Create or update data source scan.,https://docs.microsoft.com/en-us/rest/api/purview/scanningdataplane/putscanruleset,PUT,https://{accountName}.purview.azure.com/scan/api/putScanRuleset
Scanning Data Plane,Scan,Puttrigger,pvw scan putTrigger --dataSourceName=<val> --scanName=<val> --payloadFile=<val>,Create or update data source scan.,https://docs.microsoft.com/en-us/rest/api/purview/scanningdataplane/puttrigger,PUT,https://{accountName}.purview.azure.com/scan/api/putTrigger
Scanning Data Plane,Scan,Readclassificationrule,pvw scan readClassificationRule --classificationRuleName=<val>,Retrieve data source scan.,https://docs.microsoft.com/en-us/rest/api/purview/scanningdataplane/readclassificationrule,GET,https://{accountName}.purview.azure.com/scan/api/readClassificationRule
Scanning Data Plane,Scan,Readclassificationrules,pvw scan readClassificationRules,Retrieve data source scan.,https://docs.microsoft.com/en-us/rest/api/purview/scanningdataplane/readclassificationrules,GET,https://{accountName}.purview.azure.com/scan/api/readClassificationRules
Scanning Data Plane,Scan,Readclassificationruleversions,pvw scan readClassificationRuleVersions --classificationRuleName=<val>,Retrieve data source scan.,https://docs.microsoft.com/en-us/rest/api/purview/scanningdataplane/readclassificationruleversions,GET,https://{accountName}.purview.azure.com/scan/api/readClassificationRuleVersions
Scanning Data Plane,Scan,Readcredential,pvw scan readCredential [--credentialName=<val>],Retrieve data source scan.,https://docs.microsoft.com/en-us/rest/api/purview/scanningdataplane/readcredential,GET,https://{accountName}.purview.azure.com/scan/api/readCredential
Scanning Data Plane,Scan,Readdatasource,pvw scan readDataSource --dataSourceName=<val>,Retrieve data source scan.,https://docs.microsoft.com/en-us/rest/api/purview/scanningdataplane/readdatasource,GET,https://{accountName}.purview.azure.com/scan/api/readDataSource
Scanning Data Plane,Scan,Readdatasources,pvw scan readDataSources [--collectionName=<val>],Retrieve data source scan.,https://docs.microsoft.com/en-us/rest/api/purview/scanningdataplane/readdatasources,GET,https://{accountName}.purview.azure.com/scan/api/readDataSources
Scanning Data Plane,Scan,Readfilters,pvw scan readFilters --dataSourceName=<val> --scanName=<val>,Retrieve data source scan.,https://docs.microsoft.com/en-us/rest/api/purview/scanningdataplane/readfilters,GET,https://{accountName}.purview.azure.com/scan/api/readFilters
Scanning Data Plane,Scan,Readkeyvault,pvw scan readKeyVault --keyVaultName=<val>,Retrieve data source scan.,https://docs.microsoft.com/en-us/rest/api/purview/scanningdataplane/readkeyvault,GET,https://{accountName}.purview.azure.com/scan/api/readKeyVault
Scanning Data Plane,Scan,Readkeyvaults,pvw scan readKeyVaults,Retrieve data source scan.,https://docs.microsoft.com/en-us/rest/api/purview/scanningdataplane/readkeyvaults,GET,https://{accountName}.purview.azure.com/scan/api/readKeyVaults
Scanning Data Plane,Scan,Readscan,pvw scan readScan --dataSourceName=<val> --scanName=<val>,Retrieve data source scan.,https://docs.microsoft.com/en-us/rest/api/purview/scanningdataplane/readscan,GET,https://{accountName}.purview.azure.com/scan/api/readScan
Scanning Data Plane,Scan,Readscanhistory,pvw scan readScanHistory --dataSourceName=<val> --scanName=<val>,Retrieve data source scan.,https://docs.microsoft.com/en-us/rest/api/purview/scanningdataplane/readscanhistory,GET,https://{accountName}.purview.azure.com/scan/api/readScanHistory
Scanning Data Plane,Scan,Readscanruleset,pvw scan readScanRuleset --scanRulesetName=<val>,Retrieve data source scan.,https://docs.microsoft.com/en-us/rest/api/purview/scanningdataplane/readscanruleset,GET,https://{accountName}.purview.azure.com/scan/api/readScanRuleset
Scanning Data Plane,Scan,Readscanrulesets,pvw scan readScanRulesets,Retrieve data source scan.,https://docs.microsoft.com/en-us/rest/api/purview/scanningdataplane/readscanrulesets,GET,https://{accountName}.purview.azure.com/scan/api/readScanRulesets
Scanning Data Plane,Scan,Readscans,pvw scan readScans --dataSourceName=<val>,Retrieve data source scan.,https://docs.microsoft.com/en-us/rest/api/purview/scanningdataplane/readscans,GET,https://{accountName}.purview.azure.com/scan/api/readScans
Scanning Data Plane,Scan,Readsystemscanruleset,pvw scan readSystemScanRuleset --dataSourceType=<val>,Retrieve data source scan.,https://docs.microsoft.com/en-us/rest/api/purview/scanningdataplane/readsystemscanruleset,GET,https://{accountName}.purview.azure.com/scan/api/readSystemScanRuleset
Scanning Data Plane,Scan,Readsystemscanrulesetlatest,pvw scan readSystemScanRulesetLatest --dataSourceType=<val>,Retrieve data source scan.,https://docs.microsoft.com/en-us/rest/api/purview/scanningdataplane/readsystemscanrulesetlatest,GET,https://{accountName}.purview.azure.com/scan/api/readSystemScanRulesetLatest
Scanning Data Plane,Scan,Readsystemscanrulesets,pvw scan readSystemScanRulesets,Retrieve data source scan.,https://docs.microsoft.com/en-us/rest/api/purview/scanningdataplane/readsystemscanrulesets,GET,https://{accountName}.purview.azure.com/scan/api/readSystemScanRulesets
Scanning Data Plane,Scan,Readsystemscanrulesetversion,pvw scan readSystemScanRulesetVersion --version=<val> --dataSourceType=<val>,Retrieve data source scan.,https://docs.microsoft.com/en-us/rest/api/purview/scanningdataplane/readsystemscanrulesetversion,GET,https://{accountName}.purview.azure.com/scan/api/readSystemScanRulesetVersion
Scanning Data Plane,Scan,Readsystemscanrulesetversions,pvw scan readSystemScanRulesetVersions --dataSourceType=<val>,Retrieve data source scan.,https://docs.microsoft.com/en-us/rest/api/purview/scanningdataplane/readsystemscanrulesetversions,GET,https://{accountName}.purview.azure.com/scan/api/readSystemScanRulesetVersions
Scanning Data Plane,Scan,Readtrigger,pvw scan readTrigger --dataSourceName=<val> --scanName=<val>,Retrieve data source scan.,https://docs.microsoft.com/en-us/rest/api/purview/scanningdataplane/readtrigger,GET,https://{accountName}.purview.azure.com/scan/api/readTrigger
Scanning Data Plane,Scan,Runscan,pvw scan runScan --dataSourceName=<val> --scanName=<val> [--scanLevel=<val>],Execute data source scan.,https://docs.microsoft.com/en-us/rest/api/purview/scanningdataplane/runscan,POST,https://{accountName}.purview.azure.com/scan/api/runScan
Scanning Data Plane,Scan,Tagclassificationversion,pvw scan tagClassificationVersion --classificationRuleName=<val> --classificationRuleVersion=<val> --action=<val>,Perform operation on data source scan.,https://docs.microsoft.com/en-us/rest/api/purview/scanningdataplane/tagclassificationversion,POST,https://{accountName}.purview.azure.com/scan/api/tagClassificationVersion
Discovery Data Plane,Search,Autocomplete,pvw search autoComplete [--keywords=<val> --limit=<val> --filterFile=<val>],Perform operation on catalog.,https://docs.microsoft.com/en-us/rest/api/purview/catalogdataplane/discovery/autocomplete,GET,https://{accountName}.purview.azure.com/catalog/api/search/autoComplete
Discovery Data Plane,Search,Browse,pvw search browse  (--entityType=<val> | --path=<val>) [--limit=<val> --offset=<val>],Browse catalog.,https://docs.microsoft.com/en-us/rest/api/purview/catalogdataplane/discovery/browse,GET,https://{accountName}.purview.azure.com/catalog/api/search/browse
Discovery Data Plane,Search,Query,pvw search query [--keywords=<val> --limit=<val> --offset=<val> --filterFile=<val> --facets-file=<val>],Query catalog.,https://docs.microsoft.com/en-us/rest/api/purview/catalogdataplane/discovery/query,GET,https://{accountName}.purview.azure.com/catalog/api/search/query
Discovery Data Plane,Search,Suggest,pvw search suggest [--keywords=<val> --limit=<val> --filterFile=<val>],Get suggestions for catalog.,https://docs.microsoft.com/en-us/rest/api/purview/catalogdataplane/discovery/suggest,GET,https://{accountName}.purview.azure.com/catalog/api/search/suggest
Share Data Plane,Share,Activateemail,pvw share activateEmail --payloadFile=<val>,Activate data share.,https://docs.microsoft.com/en-us/rest/api/purview/share/activateemail,POST,https://{accountName}.purview.azure.com/share/api/activateEmail
Share Data Plane,Share,Createasset,pvw share createAsset --sentShareName=<val> --assetName=<val> --payloadFile=<val>,Create a new data share.,https://docs.microsoft.com/en-us/rest/api/purview/share/createasset,POST,https://{accountName}.purview.azure.com/share/api/createAsset
Share Data Plane,Share,Createassetmapping,pvw share createAssetMapping --receivedShareName=<val> --assetMappingName=<val> --payloadFile=<val>,Create a new data share.,https://docs.microsoft.com/en-us/rest/api/purview/share/createassetmapping,POST,https://{accountName}.purview.azure.com/share/api/createAssetMapping
Share Data Plane,Share,Createreceivedshare,pvw share createReceivedShare --receivedShareName=<val> --payloadFile=<val>,Create a new data share.,https://docs.microsoft.com/en-us/rest/api/purview/share/createreceivedshare,POST,https://{accountName}.purview.azure.com/share/api/createReceivedShare
Share Data Plane,Share,Createsentinvitation,pvw share createSentInvitation --sentShareName=<val> --invitationName=<val> --payloadFile=<val>,Create a new data share.,https://docs.microsoft.com/en-us/rest/api/purview/share/createsentinvitation,POST,https://{accountName}.purview.azure.com/share/api/createSentInvitation
Share Data Plane,Share,Createsentshare,pvw share createSentShare --sentShareName=<val> --payloadFile=<val>,Create a new data share.,https://docs.microsoft.com/en-us/rest/api/purview/share/createsentshare,POST,https://{accountName}.purview.azure.com/share/api/createSentShare
Share Data Plane,Share,Deleteasset,pvw share deleteAsset --sentShareName=<val> --assetName=<val>,Delete data share.,https://docs.microsoft.com/en-us/rest/api/purview/share/deleteasset,DELETE,https://{accountName}.purview.azure.com/share/api/deleteAsset
Share Data Plane,Share,Deleteassetmapping,pvw share deleteAssetMapping --receivedShareName=<val> --assetMappingName=<val>,Delete data share.,https://docs.microsoft.com/en-us/rest/api/purview/share/deleteassetmapping,DELETE,https://{accountName}.purview.azure.com/share/api/deleteAssetMapping
Share Data Plane,Share,Deletereceivedshare,pvw share deleteReceivedShare --receivedShareName=<val>,Delete data share.,https://docs.microsoft.com/en-us/rest/api/purview/share/deletereceivedshare,DELETE,https://{accountName}.purview.azure.com/share/api/deleteReceivedShare
Share Data Plane,Share,Deletesentinvitation,pvw share deleteSentInvitation --sentShareName=<val> --invitationName=<val>,Delete data share.,https://docs.microsoft.com/en-us/rest/api/purview/share/deletesentinvitation,DELETE,https://{accountName}.purview.azure.com/share/api/deleteSentInvitation
Share Data Plane,Share,Deletesentshare,pvw share deleteSentShare --sentShareName=<val>,Delete data share.,https://docs.microsoft.com/en-us/rest/api/purview/share/deletesentshare,DELETE,https://{accountName}.purview.azure.com/share/api/deleteSentShare
Share Data Plane,Share,Getacceptedshare,pvw share getAcceptedShare --sentShareName=<val> --acceptedSentShareName=<val>,Get data share.,https://docs.microsoft.com/en-us/rest/api/purview/share/getacceptedshare,GET,https://{accountName}.purview.azure.com/share/api/getAcceptedShare
Share Data Plane,Share,Getasset,pvw share getAsset --sentShareName=<val> --assetName=<val>,Get data share.,https://docs.microsoft.com/en-us/rest/api/purview/share/getasset,GET,https://{accountName}.purview.azure.com/share/api/getAsset
Share Data Plane,Share,Getassetmapping,pvw share getAssetMapping --receivedShareName=<val> --assetMappingName=<val>,Get data share.,https://docs.microsoft.com/en-us/rest/api/purview/share/getassetmapping,GET,https://{accountName}.purview.azure.com/share/api/getAssetMapping
Share Data Plane,Share,Getreceivedinvitation,pvw share getReceivedInvitation --invitationName=<val>,Get data share.,https://docs.microsoft.com/en-us/rest/api/purview/share/getreceivedinvitation,GET,https://{accountName}.purview.azure.com/share/api/getReceivedInvitation
Share Data Plane,Share,Getreceivedshare,pvw share getReceivedShare --receivedShareName=<val>,Get data share.,https://docs.microsoft.com/en-us/rest/api/purview/share/getreceivedshare,GET,https://{accountName}.purview.azure.com/share/api/getReceivedShare
Share Data Plane,Share,Getsentinvitation,pvw share getSentInvitation --sentShareName=<val> --invitationName=<val>,Get data share.,https://docs.microsoft.com/en-us/rest/api/purview/share/getsentinvitation,GET,https://{accountName}.purview.azure.com/share/api/getSentInvitation
Share Data Plane,Share,Getsentshare,pvw share getSentShare --sentShareName=<val>,Get data share.,https://docs.microsoft.com/en-us/rest/api/purview/share/getsentshare,GET,https://{accountName}.purview.azure.com/share/api/getSentShare
Share Data Plane,Share,Listacceptedshares,pvw share listAcceptedShares --sentShareName=<val> [--skipToken=<val>],List all data shares.,https://docs.microsoft.com/en-us/rest/api/purview/share/listacceptedshares,GET,https://{accountName}.purview.azure.com/share/api/listAcceptedShares
Share Data Plane,Share,Listassetmappings,pvw share listAssetMappings --receivedShareName=<val> [--skipToken=<val> --filter=<val> --orderBy=<val>],List all data shares.,https://docs.microsoft.com/en-us/rest/api/purview/share/listassetmappings,GET,https://{accountName}.purview.azure.com/share/api/listAssetMappings
Share Data Plane,Share,Listassets,pvw share listAssets --sentShareName=<val> [--skipToken=<val> --filter=<val> --orderBy=<val>],List all data shares.,https://docs.microsoft.com/en-us/rest/api/purview/share/listassets,GET,https://{accountName}.purview.azure.com/share/api/listAssets
Share Data Plane,Share,Listreceivedassets,pvw share listReceivedAssets --receivedShareName=<val> [--skipToken=<val>],List all data shares.,https://docs.microsoft.com/en-us/rest/api/purview/share/listreceivedassets,GET,https://{accountName}.purview.azure.com/share/api/listReceivedAssets
Share Data Plane,Share,Listreceivedinvitations,pvw share listReceivedInvitations [--skipToken=<val> --filter=<val> --orderBy=<val>],List all data shares.,https://docs.microsoft.com/en-us/rest/api/purview/share/listreceivedinvitations,GET,https://{accountName}.purview.azure.com/share/api/listReceivedInvitations
Share Data Plane,Share,Listreceivedshares,pvw share listReceivedShares [--skipToken=<val> --filter=<val> --orderBy=<val>],List all data shares.,https://docs.microsoft.com/en-us/rest/api/purview/share/listreceivedshares,GET,https://{accountName}.purview.azure.com/share/api/listReceivedShares
Share Data Plane,Share,Listsentinvitations,pvw share listSentInvitations --sentShareName=<val> [--skipToken=<val> --filter=<val> --orderBy=<val>],List all data shares.,https://docs.microsoft.com/en-us/rest/api/purview/share/listsentinvitations,GET,https://{accountName}.purview.azure.com/share/api/listSentInvitations
Share Data Plane,Share,Listsentshares,pvw share listSentShares [--skipToken=<val> --filter=<val> --orderBy=<val>],List all data shares.,https://docs.microsoft.com/en-us/rest/api/purview/share/listsentshares,GET,https://{accountName}.purview.azure.com/share/api/listSentShares
Share Data Plane,Share,Registeremail,pvw share registerEmail,Register data share.,https://docs.microsoft.com/en-us/rest/api/purview/share/registeremail,POST,https://{accountName}.purview.azure.com/share/api/registerEmail
Share Data Plane,Share,Reinstateacceptedshare,pvw share reinstateAcceptedShare --sentShareName=<val> --acceptedSentShareName=<val> --payloadFile=<val>,Reinstate data share.,https://docs.microsoft.com/en-us/rest/api/purview/share/reinstateacceptedshare,POST,https://{accountName}.purview.azure.com/share/api/reinstateAcceptedShare
Share Data Plane,Share,Rejectreceivedinvitation,pvw share rejectReceivedInvitation --invitationName=<val> --payloadFile=<val>,Reject data share.,https://docs.microsoft.com/en-us/rest/api/purview/share/rejectreceivedinvitation,DELETE,https://{accountName}.purview.azure.com/share/api/rejectReceivedInvitation
Share Data Plane,Share,Revokeacceptedshare,pvw share revokeAcceptedShare --sentShareName=<val> --acceptedSentShareName=<val>,Revoke data share.,https://docs.microsoft.com/en-us/rest/api/purview/share/revokeacceptedshare,DELETE,https://{accountName}.purview.azure.com/share/api/revokeAcceptedShare
Share Data Plane,Share,Updateexpirationacceptedshare,pvw share updateExpirationAcceptedShare --sentShareName=<val> --acceptedSentShareName=<val> --payloadFile=<val>,Update an existing data share.,https://docs.microsoft.com/en-us/rest/api/purview/share/updateexpirationacceptedshare,PUT,https://{accountName}.purview.azure.com/share/api/updateExpirationAcceptedShare
Catalog Data Plane,Types,Createtypedefs,pvw types createTypeDefs --payloadFile=<val>,Create a new type definition.,https://docs.microsoft.com/en-us/rest/api/purview/catalogdataplane/types/createtypedefs,POST,https://{accountName}.purview.azure.com/catalog/api/atlas/v2/types/createTypeDefs
Catalog Data Plane,Types,Deletetypedef,pvw types deleteTypeDef --name=<val>,Delete type definition.,https://docs.microsoft.com/en-us/rest/api/purview/catalogdataplane/types/deletetypedef,DELETE,https://{accountName}.purview.azure.com/catalog/api/atlas/v2/types/deleteTypeDef
Catalog Data Plane,Types,Deletetypedefs,pvw types deleteTypeDefs --payloadFile=<val>,Delete type definition.,https://docs.microsoft.com/en-us/rest/api/purview/catalogdataplane/types/deletetypedefs,DELETE,https://{accountName}.purview.azure.com/catalog/api/atlas/v2/types/deleteTypeDefs
Catalog Data Plane,Types,Puttypedefs,pvw types putTypeDefs --payloadFile=<val>,Create or update type definition.,https://docs.microsoft.com/en-us/rest/api/purview/catalogdataplane/types/puttypedefs,PUT,https://{accountName}.purview.azure.com/catalog/api/atlas/v2/types/putTypeDefs
Catalog Data Plane,Types,Readbusinessmetadatadef,pvw types readBusinessMetadataDef (--guid=<val> | --name=<val>),Retrieve type definition.,https://docs.microsoft.com/en-us/rest/api/purview/catalogdataplane/types/readbusinessmetadatadef,GET,https://{accountName}.purview.azure.com/catalog/api/atlas/v2/types/readBusinessMetadataDef
Catalog Data Plane,Types,Readclassificationdef,pvw types readClassificationDef (--guid=<val> | --name=<val>),Retrieve type definition.,https://docs.microsoft.com/en-us/rest/api/purview/catalogdataplane/types/readclassificationdef,GET,https://{accountName}.purview.azure.com/catalog/api/atlas/v2/types/readClassificationDef
Catalog Data Plane,Types,Readentitydef,pvw types readEntityDef (--guid=<val> | --name=<val>),Retrieve type definition.,https://docs.microsoft.com/en-us/rest/api/purview/catalogdataplane/types/readentitydef,GET,https://{accountName}.purview.azure.com/catalog/api/atlas/v2/types/readEntityDef
Catalog Data Plane,Types,Readenumdef,pvw types readEnumDef (--guid=<val> | --name=<val>),Retrieve type definition.,https://docs.microsoft.com/en-us/rest/api/purview/catalogdataplane/types/readenumdef,GET,https://{accountName}.purview.azure.com/catalog/api/atlas/v2/types/readEnumDef
Catalog Data Plane,Types,Readrelationshipdef,pvw types readRelationshipDef (--guid=<val> | --name=<val>),Retrieve type definition.,https://docs.microsoft.com/en-us/rest/api/purview/catalogdataplane/types/readrelationshipdef,GET,https://{accountName}.purview.azure.com/catalog/api/atlas/v2/types/readRelationshipDef
Catalog Data Plane,Types,Readstatistics,pvw types readStatistics,Retrieve type definition.,https://docs.microsoft.com/en-us/rest/api/purview/catalogdataplane/types/readstatistics,GET,https://{accountName}.purview.azure.com/catalog/api/atlas/v2/types/readStatistics
Catalog Data Plane,Types,Readstructdef,pvw types readStructDef (--guid=<val> | --name=<val>),Retrieve type definition.,https://docs.microsoft.com/en-us/rest/api/purview/catalogdataplane/types/readstructdef,GET,https://{accountName}.purview.azure.com/catalog/api/atlas/v2/types/readStructDef
Catalog Data Plane,Types,Readtermtemplatedef,pvw types readTermTemplateDef (--guid=<val> | --name=<val>),Retrieve type definition.,https://docs.microsoft.com/en-us/rest/api/purview/catalogdataplane/types/readtermtemplatedef,GET,https://{accountName}.purview.azure.com/catalog/api/atlas/v2/types/readTermTemplateDef
Catalog Data Plane,Types,Readtypedef,pvw types readTypeDef (--guid=<val> | --name=<val>),Retrieve type definition.,https://docs.microsoft.com/en-us/rest/api/purview/catalogdataplane/types/readtypedef,GET,https://{accountName}.purview.azure.com/catalog/api/atlas/v2/types/readTypeDef
Catalog Data Plane,Types,Readtypedefs,pvw types readTypeDefs [--includeTermTemplate --type=<val>],Retrieve type definition.,https://docs.microsoft.com/en-us/rest/api/purview/catalogdataplane/types/readtypedefs,GET,https://{accountName}.purview.azure.com/catalog/api/atlas/v2/types/readTypeDefs
Catalog Data Plane,Types,Readtypedefsheaders,pvw types readTypeDefsHeaders [--includeTermTemplate --type=<val>],Retrieve type definition.,https://docs.microsoft.com/en-us/rest/api/purview/catalogdataplane/types/readtypedefsheaders,GET,https://{accountName}.purview.azure.com/catalog/api/atlas/v2/types/readTypeDefsHeaders
